{
  "last_image_date": "2026-01-18",
  "daily_image_count": 0,
  "total_input_tokens": 160101,
  "total_output_tokens": 155836,
  "total_images": 0,
  "daily_cost": 0.3775999999999999,
  "all_time_cost": 3.1380449999999946
}