{
  "last_image_date": "2026-01-18",
  "daily_image_count": 0,
  "total_input_tokens": 218485,
  "total_output_tokens": 235778,
  "total_images": 0,
  "daily_cost": 1.868649999999998,
  "all_time_cost": 4.6290950000000075
}