{
  "last_image_date": "2026-01-17",
  "daily_image_count": 0,
  "total_input_tokens": 128354,
  "total_output_tokens": 136525,
  "total_images": 0,
  "daily_cost": 0.8628299999999993,
  "all_time_cost": 2.689644999999995
}