{
  "last_image_date": "2026-01-16",
  "daily_image_count": 0,
  "total_input_tokens": 87599,
  "total_output_tokens": 92588,
  "total_images": 0,
  "daily_cost": 1.0314899999999991,
  "all_time_cost": 1.8268149999999974
}