{
  "last_image_date": "2026-01-17",
  "daily_image_count": 0,
  "total_input_tokens": 131654,
  "total_output_tokens": 140145,
  "total_images": 0,
  "daily_cost": 0.9336299999999993,
  "all_time_cost": 2.760444999999994
}