{
  "last_image_date": "2026-01-18",
  "daily_image_count": 0,
  "total_input_tokens": 227020,
  "total_output_tokens": 245248,
  "total_images": 0,
  "daily_cost": 2.0533750000000004,
  "all_time_cost": 4.813820000000006
}