{
  "last_image_date": "2026-01-18",
  "daily_image_count": 0,
  "total_input_tokens": 147228,
  "total_output_tokens": 157219,
  "total_images": 0,
  "daily_cost": 0.3339800000000001,
  "all_time_cost": 3.094424999999996
}