{
  "last_image_date": "2026-01-18",
  "daily_image_count": 0,
  "total_input_tokens": 177133,
  "total_output_tokens": 190249,
  "total_images": 0,
  "daily_cost": 0.9789549999999996,
  "all_time_cost": 3.7393999999999985
}