{
  "last_image_date": "2026-01-18",
  "daily_image_count": 0,
  "total_input_tokens": 178788,
  "total_output_tokens": 165251,
  "total_images": 0,
  "daily_cost": 0.6122600000000001,
  "all_time_cost": 3.3727049999999976
}